{
  "trials": 100,
  "elapsed": 42.1,
  "best": {
    "f2_ma": 25,
    "f2s": 7.0,
    "f3s": 1.1959832925059175,
    "f3w": 10,
    "f7w": 15,
    "f7t": 11,
    "f7k": 1.0,
    "C": 2.8746645270043403,
    "SB": 18,
    "calmar": 3.0760568532663277,
    "ret": 188.72773670217092,
    "mdd": -13.767481632709847,
    "trades": 583
  }
}