{
  "1yr": {
    "daily_top1": {
      "nav_final": 7171.018488292037,
      "annual_return": 1075279.4,
      "total_return": 717001.8,
      "max_drawdown": 0.0,
      "n_days": 241
    },
    "daily_top6": {
      "nav_final": 113.33927122172759,
      "annual_return": 13965.3,
      "total_return": 11233.9,
      "max_drawdown": -1.0,
      "n_days": 241
    },
    "weekly_top1": {
      "nav_final": 28.06834627154967,
      "annual_return": 3107.3,
      "total_return": 2706.8,
      "max_drawdown": -0.0,
      "n_weeks": 50
    },
    "weekly_top6": {
      "nav_final": 5.866496875163049,
      "annual_return": 529.7,
      "total_return": 486.6,
      "max_drawdown": -1.7,
      "n_weeks": 50
    },
    "weekly_top6_cash": {
      "nav_final": 5.866496875163049,
      "annual_return": 529.7,
      "total_return": 486.6,
      "max_drawdown": -1.7,
      "n_weeks": 50
    },
    "lagged_top6": {
      "nav_final": 5.789117260425027,
      "annual_return": 521.0,
      "total_return": 478.9,
      "max_drawdown": -1.7,
      "n_weeks": 50
    },
    "current": {
      "annual_return": 96.25,
      "max_drawdown": -12.28,
      "calmar": 7.83,
      "sharpe": 3.04
    }
  },
  "2yr": {
    "daily_top1": {
      "nav_final": 7286405.599528075,
      "annual_return": 380476.3,
      "total_return": 728640460.0,
      "max_drawdown": 0.0,
      "n_days": 483
    },
    "daily_top6": {
      "nav_final": 5404.455845060622,
      "annual_return": 8761.8,
      "total_return": 540345.6,
      "max_drawdown": -2.0,
      "n_days": 483
    },
    "weekly_top1": {
      "nav_final": 366.25669677794485,
      "annual_return": 1927.8,
      "total_return": 36525.7,
      "max_drawdown": -2.5,
      "n_weeks": 102
    },
    "weekly_top6": {
      "nav_final": 24.855934539559236,
      "annual_return": 414.5,
      "total_return": 2385.6,
      "max_drawdown": -5.1,
      "n_weeks": 102
    },
    "weekly_top6_cash": {
      "nav_final": 27.709806554374403,
      "annual_return": 443.8,
      "total_return": 2671.0,
      "max_drawdown": -1.7,
      "n_weeks": 102
    },
    "lagged_top6": {
      "nav_final": 24.804769463972058,
      "annual_return": 414.0,
      "total_return": 2380.5,
      "max_drawdown": -5.1,
      "n_weeks": 102
    },
    "current": {
      "annual_return": 43.34,
      "max_drawdown": -17.96,
      "calmar": 2.41,
      "sharpe": 1.58
    }
  },
  "3yr": {
    "daily_top1": {
      "nav_final": 4733051361.02508,
      "annual_return": 230545.8,
      "total_return": 473305136002.5,
      "max_drawdown": -0.0,
      "n_days": 725
    },
    "daily_top6": {
      "nav_final": 183210.2844219452,
      "annual_return": 6650.4,
      "total_return": 18320928.4,
      "max_drawdown": -2.0,
      "n_days": 725
    },
    "weekly_top1": {
      "nav_final": 3780.4128069102608,
      "annual_return": 1544.0,
      "total_return": 377941.3,
      "max_drawdown": -2.5,
      "n_weeks": 153
    },
    "weekly_top6": {
      "nav_final": 92.9032866893049,
      "annual_return": 366.5,
      "total_return": 9190.3,
      "max_drawdown": -5.1,
      "n_weeks": 153
    },
    "weekly_top6_cash": {
      "nav_final": 107.95055882969709,
      "annual_return": 390.9,
      "total_return": 10695.1,
      "max_drawdown": -1.7,
      "n_weeks": 153
    },
    "lagged_top6": {
      "nav_final": 90.71503996964304,
      "annual_return": 362.8,
      "total_return": 8971.5,
      "max_drawdown": -5.1,
      "n_weeks": 153
    },
    "current": {
      "annual_return": 25.38,
      "max_drawdown": -20.39,
      "calmar": 1.24,
      "sharpe": 1.1
    }
  }
}